id,name,username,email,address,phone,website,company
id,name,username,email,address,phone,website,company
id,name,username,email,address,phone,website,company
id,name,username,email,address,phone,website,company
id,name,username,email,address,phone,website,company
id,name,username,email,address,phone,website,company
id,name,username,email,address,phone,website,company
id,name,username,email,address,phone,website,company
id,name,username,email,address,phone,website,company
id,name,username,email,address,phone,website,company
